Algeria (ALG)	MASTIL Melvin
Algeria (ALG)	MANDI Aissa
Algeria (ALG)	ABADA Achraf
Algeria (ALG)	TOUGAI Mohamed Amine
Algeria (ALG)	BELAID Zineddine
Algeria (ALG)	ZERROUKI Ramiz
Algeria (ALG)	MAHREZ Riyad
Algeria (ALG)	AOUAR Houssem
Algeria (ALG)	GOUIRI Amine
Algeria (ALG)	CHAIBI Fares
Algeria (ALG)	HADJ MOUSSA Anis
Algeria (ALG)	BENBOUALI Nadhir
Algeria (ALG)	HADJAM Jaouen
Algeria (ALG)	BOUDAOUI Hicham
Algeria (ALG)	AIT-NOURI Rayan
Algeria (ALG)	BENBOT Oussama
Algeria (ALG)	BELGHALI Ra k
Algeria (ALG)	AMOURA Mohamed
Algeria (ALG)	BENTALEB Nabil
Algeria (ALG)	BOULBINA Adil
Algeria (ALG)	BENSEBAINI Ramy
Algeria (ALG)	MAZA Ibrahim
Algeria (ALG)	ZIDANE Luca
Algeria (ALG)	TITRAOUI Yassine
Algeria (ALG)	GHEDJEMIS Fares
Algeria (ALG)	CHERGUI Samir
Argentina (ARG)	MUSSO Juan
Argentina (ARG)	BALERDI Leonardo
Argentina (ARG)	TAGLIAFICO Nicolas
Argentina (ARG)	MONTIEL Gonzalo
Argentina (ARG)	PAREDES Leandro
Argentina (ARG)	MARTINEZ Lisandro
Argentina (ARG)	DE PAUL Rodrigo
Argentina (ARG)	BARCO Valentin
Argentina (ARG)	ALVAREZ Julian
Argentina (ARG)	MESSI Lionel
Argentina (ARG)	LO CELSO Giovani
Argentina (ARG)	RULLI Geronimo
Argentina (ARG)	ROMERO Cristian
Argentina (ARG)	PALACIOS Exequiel
Argentina (ARG)	GONZALEZ Nico
Argentina (ARG)	ALMADA Thiago
Argentina (ARG)	SIMEONE Giuliano
Argentina (ARG)	PAZ Nico
Argentina (ARG)	OTAMENDI Nicolas
Argentina (ARG)	MAC ALLISTER Alexis
Argentina (ARG)	LOPEZ Jose Manuel
Argentina (ARG)	MARTINEZ Lautaro
Argentina (ARG)	MARTINEZ Emiliano
Argentina (ARG)	FERNANDEZ Enzo
Argentina (ARG)	MEDINA Facundo
Argentina (ARG)	MOLINA Nahuel
Australia (AUS)	RYAN Mathew
Australia (AUS)	DEGENEK Milos
Australia (AUS)	CIRCATI Alessandro
Australia (AUS)	ITALIANO Jacob
Australia (AUS)	BOS Jordan
Australia (AUS)	GERIA Jason
Australia (AUS)	LECKIE Mathew
Australia (AUS)	METCALFE Connor
Australia (AUS)	TOURE Mohamed
Australia (AUS)	HRUSTIC Ajdin
Australia (AUS)	MABIL Awer
Australia (AUS)	IZZO Paul
Australia (AUS)	ONEILL Aiden
Australia (AUS)	DEVLIN Cameron
Australia (AUS)	TREWIN Kai
Australia (AUS)	BEHICH Aziz
Australia (AUS)	IRANKUNDA Nestory
Australia (AUS)	BEACH Patrick
Australia (AUS)	SOUTTAR Harry
Australia (AUS)	VOLPATO Cristian
Australia (AUS)	BURGESS Cameron
Australia (AUS)	IRVINE Jackson
Australia (AUS)	VELUPILLAY Nishan
Australia (AUS)	OKON-ENGSTLER Paul
Australia (AUS)	HERRINGTON Lucas
Australia (AUS)	YENGI Tete
Austria (AUT)	SCHLAGER Alexander
Austria (AUT)	AFFENGRUBER David
Austria (AUT)	DANSO Kevin
Austria (AUT)	SCHLAGER Xaver
Austria (AUT)	POSCH Stefan
Austria (AUT)	SEIWALD Nicolas
Austria (AUT)	ARNAUTOVIC Marko
Austria (AUT)	ALABA David
Austria (AUT)	SABITZER Marcel
Austria (AUT)	GRILLITSCH Florian
Austria (AUT)	GREGORITSCH Michael
Austria (AUT)	WIEGELE Florian
Austria (AUT)	PENTZ Patrick
Austria (AUT)	KALAJDZIC Sasa
Austria (AUT)	LIENHART Philipp
Austria (AUT)	MWENE Phillip
Austria (AUT)	CHUKWUEMEKA Carney
Austria (AUT)	SCHMID Romano
Austria (AUT)	BAUMGARTNER Christoph
Austria (AUT)	LAIMER Konrad
Austria (AUT)	WIMMER Patrick
Austria (AUT)	PRASS Alexander
Austria (AUT)	FRIEDL Marco
Austria (AUT)	WANNER Paul
Austria (AUT)	SVOBODA Michael
Austria (AUT)	SCHOEPF Alessandro
Belgium (BEL)	COURTOIS Thibaut
Belgium (BEL)	DEBAST Zeno
Belgium (BEL)	THEATE Arthur
Belgium (BEL)	MECHELE Brandon
Belgium (BEL)	DE CUYPER Maxim
Belgium (BEL)	WITSEL Axel
Belgium (BEL)	DE BRUYNE Kevin
Belgium (BEL)	TIELEMANS Youri
Belgium (BEL)	LUKAKU Romelu
Belgium (BEL)	TROSSARD Leandro
Belgium (BEL)	DOKU Jeremy
Belgium (BEL)	LAMMENS Senne
Belgium (BEL)	PENDERS Mike
Belgium (BEL)	LUKEBAKIO Dodi
Belgium (BEL)	MEUNIER Thomas
Belgium (BEL)	DE WINTER Koni
Belgium (BEL)	DE KETELAERE Charles
Belgium (BEL)	SEYS Joaquin
Belgium (BEL)	MOREIRA Diego
Belgium (BEL)	VANAKEN Hans
Belgium (BEL)	CASTAGNE Timothy
Belgium (BEL)	SAELEMAEKERS Alexis
Belgium (BEL)	RASKIN Nicolas
Belgium (BEL)	ONANA Amadou
Belgium (BEL)	NGOY Nathan
Belgium (BEL)	FERNANDEZ-PARDO Matias
Bosnia And Herzegovina (BIH)	VASILJ Nikola
Bosnia And Herzegovina (BIH)	MUJAKIC Nihad
Bosnia And Herzegovina (BIH)	HADZIKADUNIC Dennis
Bosnia And Herzegovina (BIH)	MUHAREMOVIC Tarik
Bosnia And Herzegovina (BIH)	KOLASINAC Sead
Bosnia And Herzegovina (BIH)	TAHIROVIC Benjamin
Bosnia And Herzegovina (BIH)	DEDIC Amar
Bosnia And Herzegovina (BIH)	GIGOVIC Armin
Bosnia And Herzegovina (BIH)	BAZDAR Samed
Bosnia And Herzegovina (BIH)	DEMIROVIC Ermedin
Bosnia And Herzegovina (BIH)	DZEKO Edin
Bosnia And Herzegovina (BIH)	JURKAS Mladen
Bosnia And Herzegovina (BIH)	BASIC Ivan
Bosnia And Herzegovina (BIH)	SUNJIC Ivan
Bosnia And Herzegovina (BIH)	MEMIC Amar
Bosnia And Herzegovina (BIH)	HADZIAHMETOVIC Amir
Bosnia And Herzegovina (BIH)	BURNIC Dzenis
Bosnia And Herzegovina (BIH)	KATIC Nikola
Bosnia And Herzegovina (BIH)	ALAJBEGOVIC Kerim
Bosnia And Herzegovina (BIH)	BAJRAKTAREVIC Esmir
Bosnia And Herzegovina (BIH)	RADELJIC Stjepan
Bosnia And Herzegovina (BIH)	ZLOMISLIC Martin
Bosnia And Herzegovina (BIH)	TABAKOVIC Haris
Bosnia And Herzegovina (BIH)	CELIK Nidal
Bosnia And Herzegovina (BIH)	LUKIC Jovo
Bosnia And Herzegovina (BIH)	MAHMIC Ermin
Brazil (BRA)	ALISSON
Brazil (BRA)	WESLEY
Brazil (BRA)	GABRIEL MAGALHAES
Brazil (BRA)	MARQUINHOS
Brazil (BRA)	CASEMIRO
Brazil (BRA)	ALEX SANDRO
Brazil (BRA)	VINICIUS JUNIOR
Brazil (BRA)	BRUNO GUIMARAES
Brazil (BRA)	MATHEUS CUNHA
Brazil (BRA)	NEYMAR JR
Brazil (BRA)	RAPHINHA
Brazil (BRA)	WEVERTON
Brazil (BRA)	DANILO
Brazil (BRA)	BREMER
Brazil (BRA)	LEO PEREIRA
Brazil (BRA)	DOUGLAS SANTOS
Brazil (BRA)	FABINHO
Brazil (BRA)	DANILO SANTOS
Brazil (BRA)	ENDRICK
Brazil (BRA)	LUCAS PAQUETA
Brazil (BRA)	LUIZ HENRIQUE
Brazil (BRA)	GABRIEL MARTINELLI
Brazil (BRA)	EDERSON
Brazil (BRA)	ROGER IBANEZ
Brazil (BRA)	IGOR THIAGO
Brazil (BRA)	RAYAN
Cabo Verde (CPV)	VOZINHA
Cabo Verde (CPV)	STOPIRA
Cabo Verde (CPV)	DINEY BORGES
Cabo Verde (CPV)	PICO LOPES
Cabo Verde (CPV)	LOGAN COSTA
Cabo Verde (CPV)	KEVIN PINA
Cabo Verde (CPV)	JOVANE CABRAL
Cabo Verde (CPV)	JOAO PAULO
Cabo Verde (CPV)	GILSON BENCHIMOL
Cabo Verde (CPV)	JAMIRO MONTEIRO
Cabo Verde (CPV)	GARRY RODRIGUES
Cabo Verde (CPV)	MARCIO ROSA
Cabo Verde (CPV)	SIDNY LOPES CABRAL
Cabo Verde (CPV)	DEROY DUARTE
Cabo Verde (CPV)	LAROS DUARTE
Cabo Verde (CPV)	YANNICK SEMEDO
Cabo Verde (CPV)	WILLY SEMEDO
Cabo Verde (CPV)	TELMO ARCANJO
Cabo Verde (CPV)	DAILON LIVRAMENTO
Cabo Verde (CPV)	RYAN MENDES
Cabo Verde (CPV)	NUNO DA COSTA
Cabo Verde (CPV)	STEVEN MOREIRA
Cabo Verde (CPV)	CJ DOS SANTOS
Cabo Verde (CPV)	WAGNER PINA
Cabo Verde (CPV)	KELVIN PIRES
Cabo Verde (CPV)	HELIO VARELA
Canada (CAN)	ST. CLAIR Dayne
Canada (CAN)	JOHNSTON Alistair
Canada (CAN)	JONES Al e
Canada (CAN)	DE FOUGEROLLES Luc
Canada (CAN)	WATERMAN Joel
Canada (CAN)	CHOINIERE Mathieu
Canada (CAN)	EUSTAQUIO Stephen
Canada (CAN)	KONE Ismael
Canada (CAN)	LARIN Cyle
Canada (CAN)	DAVID Jonathan
Canada (CAN)	MILLAR Liam
Canada (CAN)	OLUWASEYI Tani
Canada (CAN)	CORNELIUS Derek
Canada (CAN)	SHAFFELBURG Jacob
Canada (CAN)	BOMBITO Moise
Canada (CAN)	CREPEAU Maxime
Canada (CAN)	BUCHANAN Tajon
Canada (CAN)	GOODMAN Owen
Canada (CAN)	DAVIES Alphonso
Canada (CAN)	AHMED Ali
Canada (CAN)	OSORIO Jonathan
Canada (CAN)	LARYEA Richie
Canada (CAN)	SIGUR Niko
Canada (CAN)	DAVID Promise
Canada (CAN)	SALIBA Nathan
Canada (CAN)	FLORES Marcelo
Colombia (COL)	OSPINA David
Colombia (COL)	MUNOZ Daniel
Colombia (COL)	LUCUMI Jhon
Colombia (COL)	ARIAS Santiago
Colombia (COL)	CASTANO Kevin
Colombia (COL)	RIOS Richard
Colombia (COL)	DIAZ Luis
Colombia (COL)	CARRASCAL Jorge
Colombia (COL)	CORDOBA Jhon
Colombia (COL)	RODRIGUEZ James
Colombia (COL)	ARIAS Jhon
Colombia (COL)	VARGAS Camilo
Colombia (COL)	MINA Yerry
Colombia (COL)	PUERTA Gustavo
Colombia (COL)	PORTILLA Juan
Colombia (COL)	LERMA Jefferson
Colombia (COL)	MOJICA Johan
Colombia (COL)	DITTA Willer
Colombia (COL)	HERNANDEZ Cucho
Colombia (COL)	QUINTERO Juan
Colombia (COL)	CAMPAZ Jaminton
Colombia (COL)	MACHADO Deiver
Colombia (COL)	SANCHEZ Davinson
Colombia (COL)	MONTERO Alvaro
Colombia (COL)	SUAREZ Luis
Colombia (COL)	GOMEZ Andres
Congo DR (COD)	MPASI Lionel
Congo DR (COD)	WAN-BISSAKA Aaron
Congo DR (COD)	KAPUADI Steve
Congo DR (COD)	TUANZEBE Axel
Congo DR (COD)	BATUBINSIKA Dylan
Congo DR (COD)	MUKAU Ngalayel
Congo DR (COD)	MBUKU Nathanael
Congo DR (COD)	MOUTOUSSAMY Samuel
Congo DR (COD)	CIPENGA Brian
Congo DR (COD)	BONGONDA Theo
Congo DR (COD)	KAKUTA Gael
Congo DR (COD)	KAYEMBE Joris
Congo DR (COD)	ELIA Meschack
Congo DR (COD)	SADIKI Noah
Congo DR (COD)	TSHIBOLA Aaron
Congo DR (COD)	FAYULU Timothy
Congo DR (COD)	BAKAMBU Cedric
Congo DR (COD)	PICKEL Charles
Congo DR (COD)	MAYELE Fiston
Congo DR (COD)	WISSA Yoane
Congo DR (COD)	EPOLO Matthieu
Congo DR (COD)	MBEMBA Chancel
Congo DR (COD)	BANZA Simon
Congo DR (COD)	KALULU Gedeon
Congo DR (COD)	KAYEMBE Edo
Congo DR (COD)	MASUAKU Arthur
Côte D'Ivoire (CIV)	FOFANA Yahia
Côte D'Ivoire (CIV)	DIOMANDE Ousmane
Côte D'Ivoire (CIV)	KONAN Ghislain
Côte D'Ivoire (CIV)	SERI Jean Michael
Côte D'Ivoire (CIV)	SINGO Wilfried
Côte D'Ivoire (CIV)	FOFANA Seko
Côte D'Ivoire (CIV)	KOSSOUNOU Odilon
Côte D'Ivoire (CIV)	KESSIE Franck
Côte D'Ivoire (CIV)	BONNY Ange-Yoan
Côte D'Ivoire (CIV)	ADINGRA Simon
Côte D'Ivoire (CIV)	DIOMANDE Yan
Côte D'Ivoire (CIV)	WAHI Elye
Côte D'Ivoire (CIV)	OPERI Christopher
Côte D'Ivoire (CIV)	DIAKITE Oumar
Côte D'Ivoire (CIV)	DIALLO Amad
Côte D'Ivoire (CIV)	KONE Mohamed
Côte D'Ivoire (CIV)	DOUE Guela
Côte D'Ivoire (CIV)	SANGARE Ibrahim
Côte D'Ivoire (CIV)	PEPE Nicolas
Côte D'Ivoire (CIV)	AGBADOU Emmanuel
Côte D'Ivoire (CIV)	NDICKA Evan
Côte D'Ivoire (CIV)	GUESSAND Evann
Côte D'Ivoire (CIV)	LAFONT Alban
Côte D'Ivoire (CIV)	TOURE Bazoumana
Côte D'Ivoire (CIV)	GUIAGON Parfait
Côte D'Ivoire (CIV)	OULAI Christ Inao
Croatia (CRO)	LIVAKOVIC Dominik
Croatia (CRO)	STANISIC Josip
Croatia (CRO)	PONGRACIC Marin
Croatia (CRO)	GVARDIOL Josko
Croatia (CRO)	CALETA-CAR Duje
Croatia (CRO)	SUTALO Josip
Croatia (CRO)	MORO Nikola
Croatia (CRO)	KOVACIC Mateo
Croatia (CRO)	KRAMARIC Andrej
Croatia (CRO)	MODRIC Luka
Croatia (CRO)	BUDIMIR Ante
Croatia (CRO)	PANDUR Ivor
Croatia (CRO)	VLASIC Nikola
Croatia (CRO)	PERISIC Ivan
Croatia (CRO)	PASALIC Mario
Croatia (CRO)	BATURINA Martin
Croatia (CRO)	SUCIC Petar
Croatia (CRO)	JAKIC Kristijan
Croatia (CRO)	FRUK Toni
Croatia (CRO)	MATANOVIC Igor
Croatia (CRO)	SUCIC Luka
Croatia (CRO)	VUSKOVIC Luka
Croatia (CRO)	KOTARSKI Dominik
Croatia (CRO)	PASALIC Marco
Croatia (CRO)	ERLIC Martin
Croatia (CRO)	MUSA Petar
Curaçao (CUW)	ROOM Eloy
Curaçao (CUW)	SAMBO Shurandy
Curaçao (CUW)	GAARI Jurien
Curaçao (CUW)	VAN EIJMA Roshon
Curaçao (CUW)	FLORANUS Sherel
Curaçao (CUW)	ROEMERATOE Godfried
Curaçao (CUW)	BACUNA Juninho
Curaçao (CUW)	COMENENCIA Livano
Curaçao (CUW)	LOCADIA Juergen
Curaçao (CUW)	BACUNA Leandro
Curaçao (CUW)	ANTONISSE Jeremy
Curaçao (CUW)	HANSEN Sontje
Curaçao (CUW)	NOSLIN Tyrese
Curaçao (CUW)	GORRE Kenji
Curaçao (CUW)	MARTHA Arjany
Curaçao (CUW)	MARGARITHA Jearl
Curaçao (CUW)	KUWAS Brandley
Curaçao (CUW)	OBISPO Armando
Curaçao (CUW)	KASTANEER Gervane
Curaçao (CUW)	BRENET Joshua
Curaçao (CUW)	CHONG Tahith
Curaçao (CUW)	FELIDA Kevin
Curaçao (CUW)	BAZOER Riechedly
Curaçao (CUW)	FONVILLE Deveron
Curaçao (CUW)	BODAK Tyrick
Curaçao (CUW)	DOORNBUSCH Trevor
Czechia (CZE)	KOVAR Matej
Czechia (CZE)	ZIMA David
Czechia (CZE)	HOLES Tomas
Czechia (CZE)	HRANAC Robin
Czechia (CZE)	COUFAL Vladimir
Czechia (CZE)	CHALOUPEK Stepan
Czechia (CZE)	KREJCI Ladislav
Czechia (CZE)	DARIDA Vladimir
Czechia (CZE)	HLOZEK Adam
Czechia (CZE)	SCHICK Patrik
Czechia (CZE)	KUCHTA Jan
Czechia (CZE)	CERV Lukas
Czechia (CZE)	CHYTIL Mojmir
Czechia (CZE)	JURASEK David
Czechia (CZE)	SULC Pavel
Czechia (CZE)	STANEK Jindrich
Czechia (CZE)	PROVOD Lukas
Czechia (CZE)	SADILEK Michal
Czechia (CZE)	CHORY Tomas
Czechia (CZE)	ZELENY Jaroslav
Czechia (CZE)	DOUDERA David
Czechia (CZE)	SOUCEK Tomas
Czechia (CZE)	HORNICEK Lukas
Czechia (CZE)	SOJKA Alexandr
Czechia (CZE)	SOCHUREK Hugo
Czechia (CZE)	VISINSKY Denis
Ecuador (ECU)	GALINDEZ Hernan
Ecuador (ECU)	TORRES Felix
Ecuador (ECU)	HINCAPIE Piero
Ecuador (ECU)	ORDONEZ Joel
Ecuador (ECU)	ALCIVAR Jordy
Ecuador (ECU)	PACHO Willian
Ecuador (ECU)	ESTUPINAN Pervis
Ecuador (ECU)	VALENCIA Anthony
Ecuador (ECU)	YEBOAH John
Ecuador (ECU)	PAEZ Kendry
Ecuador (ECU)	RODRIGUEZ Kevin
Ecuador (ECU)	RAMIREZ Moises
Ecuador (ECU)	VALENCIA Enner
Ecuador (ECU)	MINDA Alan
Ecuador (ECU)	VITE Pedro
Ecuador (ECU)	CAICEDO Jordy
Ecuador (ECU)	PRECIADO Angelo
Ecuador (ECU)	CASTILLO Denil
Ecuador (ECU)	PLATA Gonzalo
Ecuador (ECU)	ANGULO Nilson
Ecuador (ECU)	FRANCO Alan
Ecuador (ECU)	VALLE Gonzalo
Ecuador (ECU)	CAICEDO Moises
Ecuador (ECU)	AREVALO Jeremy
Ecuador (ECU)	POROZO Jackson
Ecuador (ECU)	MEDINA Yaimar
Egypt (EGY)	MOHAMED ELSHENAWY
Egypt (EGY)	YASSER IBRAHIM
Egypt (EGY)	MOHAMED HANY
Egypt (EGY)	HOSSAM ABDELMAGUID
Egypt (EGY)	RAMY RABIA
Egypt (EGY)	MOHAMED ABDELMONEIM
Egypt (EGY)	TREZEGUET
Egypt (EGY)	EMAM ASHOUR
Egypt (EGY)	HAMZA ABDELKARIM
Egypt (EGY)	MOHAMED SALAH
Egypt (EGY)	MOSTAFA ZICO
Egypt (EGY)	HAISSEM HASSAN
Egypt (EGY)	AHMED FATOUH
Egypt (EGY)	HAMDY FATHY
Egypt (EGY)	KARIM HAFEZ
Egypt (EGY)	MAHDY SOLIMAN
Egypt (EGY)	MOHANAD LASHIN
Egypt (EGY)	NABIL DONGA
Egypt (EGY)	MARAWAN ATTIA
Egypt (EGY)	IBRAHIM ADEL
Egypt (EGY)	MAHMOUD SABER
Egypt (EGY)	OMAR MARMOUSH
Egypt (EGY)	MOSTAFA SHOUBIR
Egypt (EGY)	TAREK ALAA
Egypt (EGY)	ZIZO
Egypt (EGY)	MOHAMED ALAA
England (ENG)	PICKFORD Jordan
England (ENG)	KONSA Ezri
England (ENG)	OREILLY Nico
England (ENG)	RICE Declan
England (ENG)	STONES John
England (ENG)	GUEHI Marc
England (ENG)	SAKA Bukayo
England (ENG)	ANDERSON Elliot
England (ENG)	KANE Harry
England (ENG)	BELLINGHAM Jude
England (ENG)	RASHFORD Marcus
England (ENG)	LIVRAMENTO Tino
England (ENG)	HENDERSON Dean
England (ENG)	HENDERSON Jordan
England (ENG)	BURN Dan
England (ENG)	MAINOO Kobbie
England (ENG)	ROGERS Morgan
England (ENG)	GORDON Anthony
England (ENG)	WATKINS Ollie
England (ENG)	MADUEKE Noni
England (ENG)	EZE Eberechi
England (ENG)	TONEY Ivan
England (ENG)	TRAFFORD James
England (ENG)	JAMES Reece
England (ENG)	SPENCE Djed
England (ENG)	QUANSAH Jarell
France (FRA)	SAMBA Brice
France (FRA)	GUSTO Malo
France (FRA)	DIGNE Lucas
France (FRA)	UPAMECANO Dayot
France (FRA)	KOUNDE Jules
France (FRA)	KONE Manu
France (FRA)	DEMBELE Ousmane
France (FRA)	TCHOUAMENI Aurelien
France (FRA)	THURAM Marcus
France (FRA)	MBAPPE Kylian
France (FRA)	OLISE Michael
France (FRA)	BARCOLA Bradley
France (FRA)	KANTE Ngolo
France (FRA)	RABIOT Adrien
France (FRA)	KONATE Ibrahima
France (FRA)	MAIGNAN Mike
France (FRA)	SALIBA William
France (FRA)	ZAIRE-EMERY Warren
France (FRA)	HERNANDEZ Theo
France (FRA)	DOUE Desire
France (FRA)	HERNANDEZ Lucas
France (FRA)	MATETA Jean-Philippe
France (FRA)	RISSER Robin
France (FRA)	CHERKI Rayan
France (FRA)	AKLIOUCHE Maghnes
France (FRA)	LACROIX Maxence
Germany (GER)	NEUER Manuel
Germany (GER)	RUEDIGER Antonio
Germany (GER)	ANTON Waldemar
Germany (GER)	TAH Jonathan
Germany (GER)	PAVLOVIC Aleksandar
Germany (GER)	KIMMICH Joshua
Germany (GER)	HAVERTZ Kai
Germany (GER)	GORETZKA Leon
Germany (GER)	LEWELING Jamie
Germany (GER)	MUSIALA Jamal
Germany (GER)	WOLTEMADE Nick
Germany (GER)	BAUMANN Oliver
Germany (GER)	GROSS Pascal
Germany (GER)	BEIER Maximilian
Germany (GER)	SCHLOTTERBECK Nico
Germany (GER)	STILLER Angelo
Germany (GER)	WIRTZ Florian
Germany (GER)	BROWN Nathaniel
Germany (GER)	SANE Leroy
Germany (GER)	AMIRI Nadiem
Germany (GER)	NUEBEL Alexander
Germany (GER)	RAUM David
Germany (GER)	NMECHA Felix
Germany (GER)	THIAW Malick
Germany (GER)	KARL Lennart
Germany (GER)	UNDAV Deniz
Ghana (GHA)	ZIGI Lawrence Ati
Ghana (GHA)	SEIDU Alidu
Ghana (GHA)	YIRENKYI Caleb
Ghana (GHA)	ADJETEY Jonas
Ghana (GHA)	PARTEY Thomas
Ghana (GHA)	MUMIN Abdul
Ghana (GHA)	ISSAHAKU Fatawu
Ghana (GHA)	SIBO Kwasi
Ghana (GHA)	AYEW Jordan
Ghana (GHA)	THOMAS-ASANTE Brandon
Ghana (GHA)	SEMENYO Antoine
Ghana (GHA)	ANANG Joseph
Ghana (GHA)	BAAH Christopher Bonsu
Ghana (GHA)	MENSAH Gideon
Ghana (GHA)	OWUSU Elisha
Ghana (GHA)	ASARE Benjamin
Ghana (GHA)	RAHMAN Baba
Ghana (GHA)	OPOKU Jerome
Ghana (GHA)	WILLIAMS Inaki
Ghana (GHA)	BOAKYE Augustine
Ghana (GHA)	OPPONG Kojo Peprah
Ghana (GHA)	SULEMANA Kamaldeen
Ghana (GHA)	LUCKASSEN Derrick
Ghana (GHA)	NUAMAH Ernest
Ghana (GHA)	ADU Prince
Ghana (GHA)	SENAYA Marvin
Haiti (HAI)	PLACIDE Johny
Haiti (HAI)	ARCUS Carlens
Haiti (HAI)	THERMONCY Keeto
Haiti (HAI)	ADE Ricardo
Haiti (HAI)	DELCROIX Hannes
Haiti (HAI)	SAINTE Carl
Haiti (HAI)	ETIENNE Derrick
Haiti (HAI)	EXPERIENCE Martin
Haiti (HAI)	NAZON Duckens
Haiti (HAI)	BELLEGARDE Jean-Ricner
Haiti (HAI)	DEEDSON Louicius
Haiti (HAI)	PIERRE Alexandre
Haiti (HAI)	LACROIX Markhus
Haiti (HAI)	PIERRE Leverton
Haiti (HAI)	PROVIDENCE Ruben
Haiti (HAI)	JOSEPH Lenny
Haiti (HAI)	JEAN JACQUES Danley
Haiti (HAI)	ISIDOR Wilson
Haiti (HAI)	FORTUNE Yassin
Haiti (HAI)	PIERROT Frantzdy
Haiti (HAI)	CASIMIR Josue
Haiti (HAI)	DUVERNE Jean-Kevin
Haiti (HAI)	DUVERGER Josue
Haiti (HAI)	PAUGAIN Wilguens
Haiti (HAI)	SIMON Dominique
Haiti (HAI)	PIERRE Woodensky
IR Iran (IRN)	BEIRANVAND Alireza
IR Iran (IRN)	HARDANI Saleh
IR Iran (IRN)	HAJISAFI Ehsan
IR Iran (IRN)	KHALILZADEH Shoja
IR Iran (IRN)	MOHAMMADI Milad
IR Iran (IRN)	EZATOLAHI Saeid
IR Iran (IRN)	JAHANBAKHSH Alireza
IR Iran (IRN)	MOHEBBI Mohammad
IR Iran (IRN)	TAREMI Mehdi
IR Iran (IRN)	GHAYEDI Mehdi
IR Iran (IRN)	ALIPOUR Ali
IR Iran (IRN)	NIAZMAND Payam
IR Iran (IRN)	KANANI Hossein
IR Iran (IRN)	GHODDOS Saman
IR Iran (IRN)	CHESHMI Roozbeh
IR Iran (IRN)	TORABI Mehdi
IR Iran (IRN)	YOUSEFI Arya
IR Iran (IRN)	HOSSEINZADEH Amirhossein
IR Iran (IRN)	NEMATI Ali
IR Iran (IRN)	MOGHANLOO Shahriyar
IR Iran (IRN)	GHORBANI Mohammad
IR Iran (IRN)	HOSSEINI Hossein
IR Iran (IRN)	REZAEIAN Ramin
IR Iran (IRN)	DARGAHI Dennis
IR Iran (IRN)	IRI Danial
IR Iran (IRN)	RAZAGHINIA Amirmohammad
Iraq (IRQ)	FAHAD TALIB
Iraq (IRQ)	REBIN GHAREEB
Iraq (IRQ)	HUSSEIN ALI
Iraq (IRQ)	ZAID TAHSEEN
Iraq (IRQ)	AKAM HASHIM
Iraq (IRQ)	MUNAF YOUNUS
Iraq (IRQ)	YOUSSEF AMYN
Iraq (IRQ)	IBRAHIM BAYESH
Iraq (IRQ)	ALI ALHAMADI
Iraq (IRQ)	MOHANAD ALI
Iraq (IRQ)	AHMED QASIM
Iraq (IRQ)	JALAL HASSAN
Iraq (IRQ)	ALI YOUSIF
Iraq (IRQ)	ZIDANE IQBAL
Iraq (IRQ)	AHMED YAHYA
Iraq (IRQ)	AMIR ALAMMARI
Iraq (IRQ)	ALI JASIM
Iraq (IRQ)	AYMEN HUSSEIN
Iraq (IRQ)	KEVIN YAKOB
Iraq (IRQ)	AIMAR SHER
Iraq (IRQ)	MARKO FARJI
Iraq (IRQ)	AHMED BASIL
Iraq (IRQ)	MERCHAS DOSKI
Iraq (IRQ)	ZAID ISMAEL
Iraq (IRQ)	MUSTAFA SAADOON
Iraq (IRQ)	FRANS PUTROS
Japan (JPN)	SUZUKI Zion
Japan (JPN)	SUGAWARA Yukinari
Japan (JPN)	TANIGUCHI Shogo
Japan (JPN)	ITAKURA Kou
Japan (JPN)	NAGATOMO Yuto
Japan (JPN)	ENDO Wataru
Japan (JPN)	TANAKA Ao
Japan (JPN)	KUBO Takefusa
Japan (JPN)	GOTO Keisuke
Japan (JPN)	DOAN Ritsu
Japan (JPN)	MAEDA Daizen
Japan (JPN)	OSAKO Keisuke
Japan (JPN)	NAKAMURA Keito
Japan (JPN)	ITO Junya
Japan (JPN)	KAMADA Daichi
Japan (JPN)	WATANABE Tsuyoshi
Japan (JPN)	SUZUKI Yuito
Japan (JPN)	UEDA Ayase
Japan (JPN)	OGAWA Koki
Japan (JPN)	SEKO Ayumu
Japan (JPN)	ITO Hiroki
Japan (JPN)	TOMIYASU Takehiro
Japan (JPN)	HAYAKAWA Tomoki
Japan (JPN)	SANO Kaishu
Japan (JPN)	SUZUKI Junnosuke
Japan (JPN)	SHIOGAI Kento
Jordan (JOR)	YAZEED ABULAILA
Jordan (JOR)	MOHAMMAD ABUHASHEESH
Jordan (JOR)	ABDALLAH NASIB
Jordan (JOR)	HUSAM ABUDAHAB
Jordan (JOR)	YAZAN ALARAB
Jordan (JOR)	AMER JAMOUS
Jordan (JOR)	MOHAMMAD ABUZRAIQ
Jordan (JOR)	NOOR ALRAWABDEH
Jordan (JOR)	ALI OLWAN
Jordan (JOR)	MOUSA ALTAMARI
Jordan (JOR)	ODEH FAKHOURY
Jordan (JOR)	NOUR BANIATEYAH
Jordan (JOR)	MAHMOUD ALMARDI
Jordan (JOR)	RAJAEI AYED
Jordan (JOR)	IBRAHIM SADEH
Jordan (JOR)	MOHAMMAD ABUALNADI
Jordan (JOR)	SALEEM OBAID
Jordan (JOR)	IBRAHIM SABRA
Jordan (JOR)	SAED ALROSAN
Jordan (JOR)	MOHANNAD ABUTAHA
Jordan (JOR)	NIZAR ALRASHDAN
Jordan (JOR)	ABDALLAH ALFAKHORI
Jordan (JOR)	EHSAN HADDAD
Jordan (JOR)	ALI AZAIZEH
Jordan (JOR)	MOHAMMAD ALDAOUD
Jordan (JOR)	ANAS BADAWI
Korea Republic (KOR)	KIM Seunggyu
Korea Republic (KOR)	LEE Hanbeom
Korea Republic (KOR)	LEE Gihyuk
Korea Republic (KOR)	KIM Minjae
Korea Republic (KOR)	KIM Taehyeon
Korea Republic (KOR)	HWANG Inbeom
Korea Republic (KOR)	SON Heungmin
Korea Republic (KOR)	PAIK Seungho
Korea Republic (KOR)	CHO Guesung
Korea Republic (KOR)	LEE Jaesung
Korea Republic (KOR)	HWANG Heechan
Korea Republic (KOR)	SONG Bumkeun
Korea Republic (KOR)	LEE Taeseok
Korea Republic (KOR)	CHO Wije
Korea Republic (KOR)	KIM Moonhwan
Korea Republic (KOR)	PARK Jinseob
Korea Republic (KOR)	BAE Junho
Korea Republic (KOR)	OH Hyeongyu
Korea Republic (KOR)	LEE Kangin
Korea Republic (KOR)	YANG Hyunjun
Korea Republic (KOR)	JO Hyeonwoo
Korea Republic (KOR)	SEOL Youngwoo
Korea Republic (KOR)	CASTROP Jens
Korea Republic (KOR)	KIM Jingyu
Korea Republic (KOR)	EOM Jisung
Korea Republic (KOR)	LEE Donggyeong
Mexico (MEX)	RANGEL Raul
Mexico (MEX)	SANCHEZ Jorge
Mexico (MEX)	MONTES Cesar
Mexico (MEX)	ALVAREZ Edson
Mexico (MEX)	VASQUEZ Johan
Mexico (MEX)	LIRA Erik
Mexico (MEX)	ROMO Luis
Mexico (MEX)	FIDALGO Alvaro
Mexico (MEX)	JIMENEZ Raul
Mexico (MEX)	VEGA Alexis
Mexico (MEX)	GIMENEZ Santiago
Mexico (MEX)	ACEVEDO Carlos
Mexico (MEX)	OCHOA Guillermo
Mexico (MEX)	GONZALEZ Armando
Mexico (MEX)	REYES Israel
Mexico (MEX)	QUINONES Julian
Mexico (MEX)	PINEDA Orbelin
Mexico (MEX)	VARGAS Obed
Mexico (MEX)	MORA Gilberto
Mexico (MEX)	CHAVEZ Mateo
Mexico (MEX)	HUERTA Cesar
Mexico (MEX)	MARTINEZ Guillermo
Mexico (MEX)	GALLARDO Jesus
Mexico (MEX)	CHAVEZ Luis
Mexico (MEX)	ALVARADO Roberto
Mexico (MEX)	GUTIERREZ Brian
Morocco (MAR)	BOUNOU Yassine
Morocco (MAR)	HAKIMI Achraf
Morocco (MAR)	MAZRAOUI Noussair
Morocco (MAR)	AMRABAT Sofyan
Morocco (MAR)	AGUERD Nayef
Morocco (MAR)	BOUADDI Ayyoub
Morocco (MAR)	TALBI Chemsdine
Morocco (MAR)	OUNAHI Azzedine
Morocco (MAR)	RAHIMI Sou ane
Morocco (MAR)	DIAZ Brahim
Morocco (MAR)	SAIBARI Ismael
Morocco (MAR)	EL KAJOUI Munir
Morocco (MAR)	EL OUAHDI Zakaria
Morocco (MAR)	DIOP Issa
Morocco (MAR)	EL MOURABET Samir
Morocco (MAR)	YASSINE Gessime
Morocco (MAR)	EZZALZOULI Abde
Morocco (MAR)	RIAD Chadi
Morocco (MAR)	BELAMMARI Youssef
Morocco (MAR)	EL KAABI Ayoub
Morocco (MAR)	AMAIMOUNI Ayoub
Morocco (MAR)	TAGNAOUTI Ahmed Reda
Morocco (MAR)	EL KHANNOUSS Bilal
Morocco (MAR)	EL AYNAOUI Neil
Morocco (MAR)	HALHAL Redouane
Morocco (MAR)	SALAH EDDINE Anass
Netherlands (NED)	VERBRUGGEN Bart
Netherlands (NED)	TIMBER Jurrien
Netherlands (NED)	DE ROON Marten
Netherlands (NED)	VAN DIJK Virgil
Netherlands (NED)	AKE Nathan
Netherlands (NED)	VAN HECKE Jan Paul
Netherlands (NED)	KLUIVERT Justin
Netherlands (NED)	GRAVENBERCH Ryan
Netherlands (NED)	WEGHORST Wout
Netherlands (NED)	DEPAY Memphis
Netherlands (NED)	GAKPO Cody
Netherlands (NED)	WIEFFER Mats
Netherlands (NED)	ROEFS Robin
Netherlands (NED)	REIJNDERS Tijjani
Netherlands (NED)	VAN DE VEN Micky
Netherlands (NED)	TIL Guus
Netherlands (NED)	LANG Noa
Netherlands (NED)	MALEN Donyell
Netherlands (NED)	BROBBEY Brian
Netherlands (NED)	KOOPMEINERS Teun
Netherlands (NED)	DE JONG Frenkie
Netherlands (NED)	DUMFRIES Denzel
Netherlands (NED)	FLEKKEN Mark
Netherlands (NED)	SUMMERVILLE Crysencio
Netherlands (NED)	HATO Jorrel
Netherlands (NED)	TIMBER Quinten
New Zealand (NZL)	CROCOMBE Max
New Zealand (NZL)	PAYNE Tim
New Zealand (NZL)	DE VRIES Francis
New Zealand (NZL)	BINDON Tyler
New Zealand (NZL)	BOXALL Michael
New Zealand (NZL)	BELL Joe
New Zealand (NZL)	GARBETT Matthew
New Zealand (NZL)	STAMENIC Marko
New Zealand (NZL)	WOOD Chris
New Zealand (NZL)	SINGH Sarpreet
New Zealand (NZL)	JUST Elijah
New Zealand (NZL)	PAULSEN Alex
New Zealand (NZL)	CACACE Liberato
New Zealand (NZL)	RUFER Alex
New Zealand (NZL)	PIJNAKER Nando
New Zealand (NZL)	SURMAN Finn
New Zealand (NZL)	BARBAROUSES Kosta
New Zealand (NZL)	WAINE Ben
New Zealand (NZL)	OLD Ben
New Zealand (NZL)	McCOWATT Callum
New Zealand (NZL)	RANDALL Jesse
New Zealand (NZL)	WOUD Michael
New Zealand (NZL)	THOMAS Ryan
New Zealand (NZL)	ELLIOT Callan
New Zealand (NZL)	BAYLISS Lachlan
New Zealand (NZL)	SMITH Tommy
Norway (NOR)	NYLAND Orjan
Norway (NOR)	THORSBY Morten
Norway (NOR)	AJER Kristoffer
Norway (NOR)	OSTIGARD Leo
Norway (NOR)	MOLLER WOLFE David
Norway (NOR)	BERG Patrick
Norway (NOR)	SORLOTH Alexander
Norway (NOR)	BERGE Sander
Norway (NOR)	HAALAND Erling
Norway (NOR)	ODEGAARD Martin
Norway (NOR)	STRAND LARSEN Jorgen
Norway (NOR)	TANGVIK Sander
Norway (NOR)	SELVIK Egil
Norway (NOR)	AURSNES Fredrik
Norway (NOR)	BJORKAN Fredrik Andre
Norway (NOR)	HOLMGREN PEDERSEN Marcus
Norway (NOR)	HEGGEM Torbjorn
Norway (NOR)	THORSTVEDT Kristian
Norway (NOR)	AASGAARD Thelo
Norway (NOR)	NUSA Antonio
Norway (NOR)	SCHJELDERUP Andreas
Norway (NOR)	BOBB Oscar
Norway (NOR)	HAUGE Jens Petter
Norway (NOR)	LANGAS Sondre
Norway (NOR)	FALCHENER Henrik
Norway (NOR)	RYERSON Julian
Panama (PAN)	MEJIA Luis
Panama (PAN)	BLACKMAN Cesar
Panama (PAN)	CORDOBA Jose
Panama (PAN)	ESCOBAR Fidel
Panama (PAN)	FARINA Edgardo
Panama (PAN)	MARTINEZ Cristian
Panama (PAN)	RODRIGUEZ Jose Luis
Panama (PAN)	CARRASQUILLA Adalberto
Panama (PAN)	RODRIGUEZ Tomas
Panama (PAN)	DIAZ Ismael
Panama (PAN)	BARCENAS Edgar Yoel
Panama (PAN)	SAMUDIO Cesar
Panama (PAN)	RAMOS Jiovany
Panama (PAN)	HARVEY Carlos
Panama (PAN)	DAVIS Eric
Panama (PAN)	ANDRADE Andres
Panama (PAN)	FAJARDO Jose
Panama (PAN)	WATERMAN Cecilio
Panama (PAN)	QUINTERO Alberto
Panama (PAN)	GODOY Anibal
Panama (PAN)	YANIS Cesar
Panama (PAN)	MOSQUERA Orlando
Panama (PAN)	MURILLO Amir
Panama (PAN)	LONDONO Azarias
Panama (PAN)	MILLER Roderick
Panama (PAN)	GUTIERREZ Jorge
Paraguay (PAR)	FERNANDEZ Gatito
Paraguay (PAR)	VELAZQUEZ Gustavo
Paraguay (PAR)	ALDERETE Omar
Paraguay (PAR)	CACERES Juan Jose
Paraguay (PAR)	BALBUENA Fabian
Paraguay (PAR)	ALONSO Junior
Paraguay (PAR)	SOSA Ramon
Paraguay (PAR)	GOMEZ Diego
Paraguay (PAR)	SANABRIA Antonio
Paraguay (PAR)	ALMIRON Miguel
Paraguay (PAR)	MAURICIO
Paraguay (PAR)	GILL Orlando
Paraguay (PAR)	CANALE Jose
Paraguay (PAR)	CUBAS Andres
Paraguay (PAR)	GOMEZ Gustavo
Paraguay (PAR)	BOBADILLA Damian
Paraguay (PAR)	ROMERO GAMARRA Alejandro
Paraguay (PAR)	ARCE Alex
Paraguay (PAR)	ENCISO Julio
Paraguay (PAR)	OJEDA Braian
Paraguay (PAR)	AVALOS Gabriel
Paraguay (PAR)	OLVEIRA Gaston
Paraguay (PAR)	GALARZA Matias
Paraguay (PAR)	CABALLERO Gustavo
Paraguay (PAR)	PITTA Isidro
Paraguay (PAR)	MAIDANA Alexandro
Portugal (POR)	DIOGO COSTA
Portugal (POR)	NELSON SEMEDO
Portugal (POR)	RUBEN DIAS
Portugal (POR)	TOMAS ARAUJO
Portugal (POR)	DIOGO DALOT
Portugal (POR)	MATHEUS NUNES
Portugal (POR)	CRISTIANO RONALDO
Portugal (POR)	BRUNO FERNANDES
Portugal (POR)	GONCALO RAMOS
Portugal (POR)	BERNARDO SILVA
Portugal (POR)	JOAO FELIX
Portugal (POR)	JOSE SA
Portugal (POR)	RENATO VEIGA
Portugal (POR)	GONCALO INACIO
Portugal (POR)	JOAO NEVES
Portugal (POR)	FRANCISCO TRINCAO
Portugal (POR)	RAFAEL LEAO
Portugal (POR)	PEDRO NETO
Portugal (POR)	GONCALO GUEDES
Portugal (POR)	JOAO CANCELO
Portugal (POR)	RUBEN NEVES
Portugal (POR)	RUI SILVA
Portugal (POR)	VITINHA
Portugal (POR)	SAMU COSTA
Portugal (POR)	NUNO MENDES
Portugal (POR)	FRANCISCO CONCEICAO
Qatar (QAT)	MAHMOUD ABUNADA
Qatar (QAT)	PEDRO MIGUEL
Qatar (QAT)	LUCAS MENDES
Qatar (QAT)	ISSA LAYE
Qatar (QAT)	JASSEM GABER
Qatar (QAT)	ABDULAZIZ HATEM
Qatar (QAT)	AHMED ALAAELDIN
Qatar (QAT)	EDMILSON JUNIOR
Qatar (QAT)	MOHAMMED MUNTARI
Qatar (QAT)	HASSAN ALHAYDOS
Qatar (QAT)	AKRAM AFIF
Qatar (QAT)	KARIM BOUDIAF
Qatar (QAT)	AYOUB ALOUI
Qatar (QAT)	HOMAM AHMED
Qatar (QAT)	YUSUF ABDURISAG
Qatar (QAT)	BOUALEM KHOUKHI
Qatar (QAT)	AHMED ALGANEHI
Qatar (QAT)	SULTAN ALBRAKE
Qatar (QAT)	ALMOEZ ALI
Qatar (QAT)	AHMED FATHY
Qatar (QAT)	SALAH ZAKARIA
Qatar (QAT)	MESHAAL BARSHAM
Qatar (QAT)	ASSIM MADIBO
Qatar (QAT)	TAHSIN JAMSHID
Qatar (QAT)	ALHASHMI ALHUSSEIN
Qatar (QAT)	MOHAMED MANAI
Saudi Arabia (KSA)	NAWAF ALAQIDI
Saudi Arabia (KSA)	ALI MAJRASHI
Saudi Arabia (KSA)	ALI LAJAMI
Saudi Arabia (KSA)	ABDULELAH ALAMRI
Saudi Arabia (KSA)	HASSAN ALTAMBAKTI
Saudi Arabia (KSA)	NASSER ALDAWSARI
Saudi Arabia (KSA)	MUSAB ALJUWAYR
Saudi Arabia (KSA)	AIMAN YAHYA
Saudi Arabia (KSA)	FERAS ALBRIKAN
Saudi Arabia (KSA)	SALEM ALDAWSARI
Saudi Arabia (KSA)	SALEH ALSHEHRI
Saudi Arabia (KSA)	SAUD ABDULHAMID
Saudi Arabia (KSA)	NAWAF BU WASHL
Saudi Arabia (KSA)	HASSAN KADISH
Saudi Arabia (KSA)	ABDULLAH ALKHAIBARI
Saudi Arabia (KSA)	ZIYAD ALJOHANI
Saudi Arabia (KSA)	KHALID ALGHANNAM
Saudi Arabia (KSA)	ALA ALHAJJI
Saudi Arabia (KSA)	ABDULLAH ALHAMDDAN
Saudi Arabia (KSA)	SULTAN MANDASH
Saudi Arabia (KSA)	MOHAMMED ALOWAIS
Saudi Arabia (KSA)	AHMED ALKASSAR
Saudi Arabia (KSA)	MOHAMED KANNO
Saudi Arabia (KSA)	MOTEB ALHARBI
Saudi Arabia (KSA)	JEHAD THIKRI
Saudi Arabia (KSA)	MOHAMMED ABU ALSHAMAT
Scotland (SCO)	GUNN Angus
Scotland (SCO)	HICKEY Aaron
Scotland (SCO)	ROBERTSON Andy
Scotland (SCO)	McTOMINAY Scott
Scotland (SCO)	HANLEY Grant
Scotland (SCO)	TIERNEY Kieran
Scotland (SCO)	McGINN John
Scotland (SCO)	FLETCHER Tyler
Scotland (SCO)	DYKES Lyndon
Scotland (SCO)	ADAMS Che
Scotland (SCO)	CHRISTIE Ryan
Scotland (SCO)	KELLY Liam
Scotland (SCO)	HENDRY Jack
Scotland (SCO)	STEWART Ross
Scotland (SCO)	SOUTTAR John
Scotland (SCO)	HYAM Dominic
Scotland (SCO)	GANNON-DOAK Ben
Scotland (SCO)	HIRST George
Scotland (SCO)	FERGUSON Lewis
Scotland (SCO)	SHANKLAND Lawrence
Scotland (SCO)	GORDON Craig
Scotland (SCO)	PATTERSON Nathan
Scotland (SCO)	McLEAN Kenny
Scotland (SCO)	RALSTON Anthony
Scotland (SCO)	CURTIS Findlay
Scotland (SCO)	McKENNA Scott
Senegal (SEN)	DIOUF Yehvann
Senegal (SEN)	SARR Mamadou
Senegal (SEN)	KOULIBALY Kalidou
Senegal (SEN)	SECK Abdoulaye
Senegal (SEN)	GUEYE Idrissa Gana
Senegal (SEN)	CISS Pathe
Senegal (SEN)	DIAO Assane
Senegal (SEN)	CAMARA Lamine
Senegal (SEN)	DIENG Bamba
Senegal (SEN)	MANE Sadio
Senegal (SEN)	JACKSON Nicolas
Senegal (SEN)	NDIAYE Cherif
Senegal (SEN)	NDIAYE Iliman
Senegal (SEN)	JAKOBS Ismail
Senegal (SEN)	DIATTA Krepin
Senegal (SEN)	MENDY Edouard
Senegal (SEN)	SARR Pape Matar
Senegal (SEN)	SARR Ismaila
Senegal (SEN)	NIAKHATE Moussa
Senegal (SEN)	MBAYE Ibrahim
Senegal (SEN)	DIARRA Habib
Senegal (SEN)	NDIAYE Bara Sapoko
Senegal (SEN)	DIAW Mory
Senegal (SEN)	MENDY Antoine
Senegal (SEN)	DIOUF El Hadji Malick
Senegal (SEN)	GUEYE Pape
South Africa (RSA)	WILLIAMS Ronwen
South Africa (RSA)	MATULUDI Thabang
South Africa (RSA)	NDAMANE Khulumani
South Africa (RSA)	MOKOENA Teboho
South Africa (RSA)	MBATHA Thalente
South Africa (RSA)	MODIBA Aubrey
South Africa (RSA)	APPOLLIS Oswin
South Africa (RSA)	MOREMI Tshepang
South Africa (RSA)	FOSTER Lyle
South Africa (RSA)	MOFOKENG Relebohile
South Africa (RSA)	ZWANE Themba
South Africa (RSA)	MASEKO Thapelo
South Africa (RSA)	SITHOLE Sphephelo
South Africa (RSA)	MBOKAZI Mbekezeli
South Africa (RSA)	RAYNERS Iqraam
South Africa (RSA)	CHAINE Sipho
South Africa (RSA)	MAKGOPA Evidence
South Africa (RSA)	KABINI Samukelo
South Africa (RSA)	SIBISI Nkosinathi
South Africa (RSA)	MUDAU Khuliso
South Africa (RSA)	OKON Ime
South Africa (RSA)	GOSS Ricardo
South Africa (RSA)	ADAMS Jayden
South Africa (RSA)	MAKHANYA Olwethu
South Africa (RSA)	SEBELEBELE Kamogelo
South Africa (RSA)	CROSS Bradley
Spain (ESP)	RAYA David
Spain (ESP)	PUBILL Marc
Spain (ESP)	GRIMALDO Alex
Spain (ESP)	GARCIA Eric
Spain (ESP)	LLORENTE Marcos
Spain (ESP)	MERINO Mikel
Spain (ESP)	TORRES Ferran
Spain (ESP)	RUIZ Fabian
Spain (ESP)	GAVI
Spain (ESP)	OLMO Dani
Spain (ESP)	PINO Yeremy
Spain (ESP)	PORRO Pedro
Spain (ESP)	GARCIA Joan
Spain (ESP)	LAPORTE Aymeric
Spain (ESP)	BAENA Alex
Spain (ESP)	RODRI
Spain (ESP)	WILLIAMS Nico
Spain (ESP)	ZUBIMENDI Martin
Spain (ESP)	YAMAL Lamine
Spain (ESP)	PEDRI
Spain (ESP)	OYARZABAL Mikel
Spain (ESP)	CUBARSI Pau
Spain (ESP)	SIMON Unai
Spain (ESP)	CUCURELLA Marc
Spain (ESP)	MUNOZ Victor
Spain (ESP)	IGLESIAS Borja
Sweden (SWE)	WIDELL ZETTERSTROM Jacob
Sweden (SWE)	LAGERBIELKE Gustaf
Sweden (SWE)	LINDELOF Victor
Sweden (SWE)	HIEN Isak
Sweden (SWE)	GUDMUNDSSON Gabriel
Sweden (SWE)	JOHANSSON Herman
Sweden (SWE)	BERGVALL Lucas
Sweden (SWE)	SVENSSON Daniel
Sweden (SWE)	ISAK Alexander
Sweden (SWE)	NYGREN Benjamin
Sweden (SWE)	ELANGA Anthony
Sweden (SWE)	JOHANSSON Viktor
Sweden (SWE)	SEMA Ken
Sweden (SWE)	EKDAL Hjalmar
Sweden (SWE)	STARFELT Carl
Sweden (SWE)	KARLSTROM Jesper
Sweden (SWE)	GYOKERES Viktor
Sweden (SWE)	AYARI Yasin
Sweden (SWE)	SVANBERG Mattias
Sweden (SWE)	SMITH Eric
Sweden (SWE)	BERNHARDSSON Alexander
Sweden (SWE)	ZENELI Besfort
Sweden (SWE)	NORDFELDT Kristoffer
Sweden (SWE)	STROUD Elliot
Sweden (SWE)	NILSSON Gustaf
Sweden (SWE)	ALI Taha
Switzerland (SUI)	KOBEL Gregor
Switzerland (SUI)	MUHEIM Miro
Switzerland (SUI)	WIDMER Silvan
Switzerland (SUI)	ELVEDI Nico
Switzerland (SUI)	AKANJI Manuel
Switzerland (SUI)	ZAKARIA Denis
Switzerland (SUI)	EMBOLO Breel
Switzerland (SUI)	FREULER Remo
Switzerland (SUI)	MANZAMBI Johan
Switzerland (SUI)	XHAKA Granit
Switzerland (SUI)	NDOYE Dan
Switzerland (SUI)	MVOGO Yvon
Switzerland (SUI)	RODRIGUEZ Ricardo
Switzerland (SUI)	JASHARI Ardon
Switzerland (SUI)	SOW Djibril
Switzerland (SUI)	FASSNACHT Christian
Switzerland (SUI)	VARGAS Ruben
Switzerland (SUI)	COEMERT Eray
Switzerland (SUI)	OKAFOR Noah
Switzerland (SUI)	AEBISCHER Michel
Switzerland (SUI)	KELLER Marvin
Switzerland (SUI)	RIEDER Fabian
Switzerland (SUI)	AMDOUNI Zeki
Switzerland (SUI)	AMENDA Aurele
Switzerland (SUI)	JAQUEZ Luca
Switzerland (SUI)	ITTEN Cedric
Tunisia (TUN)	CHAMAKH Mouhib
Tunisia (TUN)	ABDI Ali
Tunisia (TUN)	TALBI Montassar
Tunisia (TUN)	REKIK Omar
Tunisia (TUN)	AROUS Adam
Tunisia (TUN)	BRONN Dylan
Tunisia (TUN)	ACHOURI Elias
Tunisia (TUN)	SAAD Elias
Tunisia (TUN)	MASTOURI Hazem
Tunisia (TUN)	MEJBRI Hannibal
Tunisia (TUN)	GHARBI Ismael
Tunisia (TUN)	BEN OUANES Mortadha
Tunisia (TUN)	KHEDIRA Rani
Tunisia (TUN)	AYARI Khalil
Tunisia (TUN)	HADJ MAHMOUD Mohamed
Tunisia (TUN)	DAHMEN Aymen
Tunisia (TUN)	SKHIRI Ellyes
Tunisia (TUN)	ELLOUMI Rayan
Tunisia (TUN)	CHAOUAT Firas
Tunisia (TUN)	VALERY Yan
Tunisia (TUN)	BEN HMIDA Mohamed Amine
Tunisia (TUN)	BEN HESSEN Sabri
Tunisia (TUN)	NEFFATI Moutaz
Tunisia (TUN)	CHIKHAOUI Raed
Tunisia (TUN)	SLIMANE Anis
Tunisia (TUN)	TOUNEKTI Sebastian
Türkiye (TUR)	GUNOK Mert
Türkiye (TUR)	CELIK Zeki
Türkiye (TUR)	DEMIRAL Merih
Türkiye (TUR)	SOYUNCU Caglar
Türkiye (TUR)	OZCAN Salih
Türkiye (TUR)	KOKCU Orkun
Türkiye (TUR)	AKTURKOGLU Kerem
Türkiye (TUR)	GULER Arda
Türkiye (TUR)	GUL Deniz
Türkiye (TUR)	CALHANOGLU Hakan
Türkiye (TUR)	YILDIZ Kenan
Türkiye (TUR)	BAYINDIR Altay
Türkiye (TUR)	ELMALI Eren
Türkiye (TUR)	BARDAKCI Abdulkerim
Türkiye (TUR)	KABAK Ozan
Türkiye (TUR)	YUKSEK Ismail
Türkiye (TUR)	KAHVECI Irfan Can
Türkiye (TUR)	MULDUR Mert
Türkiye (TUR)	AKGUN Yunus
Türkiye (TUR)	KADIOGLU Ferdi
Türkiye (TUR)	YILMAZ Baris Alper
Türkiye (TUR)	AYHAN Kaan
Türkiye (TUR)	CAKIR Ugurcan
Türkiye (TUR)	AYDIN Oguz
Türkiye (TUR)	AKAYDIN Samet
Türkiye (TUR)	UZUN Can
Uruguay (URU)	ROCHET Sergio
Uruguay (URU)	GIMENEZ Jose Maria
Uruguay (URU)	CACERES Sebastian
Uruguay (URU)	ARAUJO Ronald
Uruguay (URU)	UGARTE Manuel
Uruguay (URU)	BENTANCUR Rodrigo
Uruguay (URU)	DE LA CRUZ Nicolas
Uruguay (URU)	VALVERDE Federico
Uruguay (URU)	NUNEZ Darwin
Uruguay (URU)	DE ARRASCAETA Giorgian
Uruguay (URU)	PELLISTRI Facundo
Uruguay (URU)	MELE Santiago
Uruguay (URU)	VARELA Guillermo
Uruguay (URU)	CANOBBIO Agustin
Uruguay (URU)	MARTINEZ Emiliano
Uruguay (URU)	OLIVERA Mathias
Uruguay (URU)	VINA Matias
Uruguay (URU)	RODRIGUEZ Brian
Uruguay (URU)	AGUIRRE Rodrigo
Uruguay (URU)	ARAUJO Maxi
Uruguay (URU)	VINAS Federico
Uruguay (URU)	PIQUEREZ Joaquin
Uruguay (URU)	MUSLERA Fernando
Uruguay (URU)	BUENO Santiago
Uruguay (URU)	SANABRIA Juan Manuel
Uruguay (URU)	ZALAZAR Rodrigo
USA (USA)	TURNER Matt
USA (USA)	DEST Sergino
USA (USA)	RICHARDS Chris
USA (USA)	ADAMS Tyler
USA (USA)	ROBINSON Antonee
USA (USA)	TRUSTY Auston
USA (USA)	REYNA Giovanni
USA (USA)	McKENNIE Weston
USA (USA)	PEPI Ricardo
USA (USA)	PULISIC Christian
USA (USA)	AARONSON Brenden
USA (USA)	ROBINSON Miles
USA (USA)	REAM Tim
USA (USA)	BERHALTER Sebastian
USA (USA)	ROLDAN Cristian
USA (USA)	FREEMAN Alex
USA (USA)	TILLMAN Malik
USA (USA)	ARFSTEN Max
USA (USA)	WRIGHT Haji
USA (USA)	BALOGUN Folarin
USA (USA)	WEAH Timothy
USA (USA)	McKENZIE Mark
USA (USA)	SCALLY Joe
USA (USA)	FREESE Matt
USA (USA)	BRADY Chris
USA (USA)	ZENDEJAS Alex
Uzbekistan (UZB)	YUSUPOV Utkir
Uzbekistan (UZB)	KHUSANOV Abdukodir
Uzbekistan (UZB)	ALIJONOV Khojiakbar
Uzbekistan (UZB)	SAYFIEV Farrukh
Uzbekistan (UZB)	ASHURMATOV Rustam
Uzbekistan (UZB)	MOZGOVOY Akmal
Uzbekistan (UZB)	SHUKUROV Otabek
Uzbekistan (UZB)	ISKANDEROV Jamshid
Uzbekistan (UZB)	XAMROBEKOV Odiljon
Uzbekistan (UZB)	MASHARIPOV Jaloliddin
Uzbekistan (UZB)	URUNOV Oston
Uzbekistan (UZB)	NEMATOV Abduvohid
Uzbekistan (UZB)	NASRULLAEV Sherzod
Uzbekistan (UZB)	SHOMURODOV Eldor
Uzbekistan (UZB)	ESHMURODOV Umar
Uzbekistan (UZB)	ERGASHEV Botirali
Uzbekistan (UZB)	KHAMDAMOV Dostonbek
Uzbekistan (UZB)	ABDULLAEV Abdulla
Uzbekistan (UZB)	GANIEV Azizjon
Uzbekistan (UZB)	AMONOV Azizbek
Uzbekistan (UZB)	SERGEEV Igor
Uzbekistan (UZB)	FAYZULLAEV Abbosbek
Uzbekistan (UZB)	ESANOV Sherzod
Uzbekistan (UZB)	KARIMOV Behruzjon
Uzbekistan (UZB)	ULMASALIYEV Avazbek
Uzbekistan (UZB)	UROZOV Jakhongir
